﻿<SASReport version="1.0">
      <Data>
            <IQData type="2DEmbedded" name="TreeData">
                  <EmbeddedData>
                        <Variables>
                              <Variable name="Var1" varName="Var1" type="String" />
                              <Variable name="Var2" varName="Var2" type="String" />
                              <Variable name="Var3" varName="Var3" type="Numeric" />
                              <Variable name="Var4" varName="Var4" type="Numeric" />
                              <Variable name="Var5" varName="Var5" type="Numeric" />
                              <Variable name="Var6" varName="Var6" type="Numeric" />
                              <Variable name="Var7" varName="Var7" type="String"  />
                              <Variable name="Var8" varName="Var8" type="String" />
                              <Variable name="Var9" varName="Var9" type="Numeric" />
                        </Variables>
                        <ValuesList>
    <Values>
      <Value>Non-Missing Values</Value>
      <Value>STRETCH</Value>
      <Value>10</Value>
      <Value>20.75</Value>
      <Value>1</Value>
      <Value>0</Value>
      <Value>          1:        20.8%
 Count:          689</Value>
      <Value>Node Id:            1&#10;&#10;3:        17.4%&#10;1:        20.8%&#10;2:        16.0%&#10;4:         8.1%&#10;6:        17.0%&#10;5:        20.8%&#10; Count:          689</Value>
      <Value>689</Value>
    </Values>
    <Values>
      <Value>&lt; 135</Value>
      <Value></Value>
      <Value>0.6966618287</Value>
      <Value>95.83</Value>
      <Value>2</Value>
      <Value>1</Value>
      <Value>          4:        95.8%
 Count:           48</Value>
      <Value>Node Id:            2&#10;&#10;3:         0.0%&#10;1:         0.0%&#10;2:         0.0%&#10;4:        95.8%&#10;6:         4.2%&#10;5:         0.0%&#10; Count:           48</Value>
      <Value>48</Value>
    </Values>
    <Values>
      <Value>&gt;= 135 Or Missing</Value>
      <Value>ORIGINAL</Value>
      <Value>9.3033381713</Value>
      <Value>22.31</Value>
      <Value>3</Value>
      <Value>1</Value>
      <Value>          1:        22.3%
 Count:          641</Value>
      <Value>Node Id:            3&#10;&#10;3:        18.7%&#10;1:        22.3%&#10;2:        17.2%&#10;4:         1.6%&#10;6:        17.9%&#10;5:        22.3%&#10; Count:          641</Value>
      <Value>641</Value>
    </Values>
    <Values>
      <Value>&lt; 1185</Value>
      <Value></Value>
      <Value>0.1596516691</Value>
      <Value>90.91</Value>
      <Value>6</Value>
      <Value>3</Value>
      <Value>          4:        90.9%
 Count:           11</Value>
      <Value>Node Id:            6&#10;&#10;3:         0.0%&#10;1:         0.0%&#10;2:         0.0%&#10;4:        90.9%&#10;6:         9.1%&#10;5:         0.0%&#10; Count:           11</Value>
      <Value>11</Value>
    </Values>
    <Values>
      <Value>&gt;= 1185 Or Missing</Value>
      <Value>LEISURE</Value>
      <Value>9.1436865022</Value>
      <Value>22.7</Value>
      <Value>7</Value>
      <Value>3</Value>
      <Value>          1:        22.7%
 Count:          630</Value>
      <Value>Node Id:            7&#10;&#10;3:        19.0%&#10;1:        22.7%&#10;2:        17.5%&#10;4:         0.0%&#10;6:        18.1%&#10;5:        22.7%&#10; Count:          630</Value>
      <Value>630</Value>
    </Values>
    <Values>
      <Value>&lt; 2022 Or Missing</Value>
      <Value>STRETCH</Value>
      <Value>5.5007256894</Value>
      <Value>32.19</Value>
      <Value>8</Value>
      <Value>7</Value>
      <Value>          5:        32.2%
 Count:          379</Value>
      <Value>Node Id:            8&#10;&#10;3:        31.1%&#10;1:         7.4%&#10;2:        29.0%&#10;4:         0.0%&#10;6:         0.3%&#10;5:        32.2%&#10; Count:          379</Value>
      <Value>379</Value>
    </Values>
    <Values>
      <Value>&gt;= 2022</Value>
      <Value>STOREID</Value>
      <Value>3.6429608128</Value>
      <Value>45.82</Value>
      <Value>9</Value>
      <Value>7</Value>
      <Value>          1:        45.8%
 Count:          251</Value>
      <Value>Node Id:            9&#10;&#10;3:         0.8%&#10;1:        45.8%&#10;2:         0.0%&#10;4:         0.0%&#10;6:        45.0%&#10;5:         8.4%&#10; Count:          251</Value>
      <Value>251</Value>
    </Values>
    <Values>
      <Value>&lt; 587.5 Or Missing</Value>
      <Value>STOREID</Value>
      <Value>3.5123367199</Value>
      <Value>45.87</Value>
      <Value>10</Value>
      <Value>8</Value>
      <Value>          3:        45.9%
 Count:          242</Value>
      <Value>Node Id:           10&#10;&#10;3:        45.9%&#10;1:         7.9%&#10;2:         0.8%&#10;4:         0.0%&#10;6:         0.0%&#10;5:        45.5%&#10; Count:          242</Value>
      <Value>242</Value>
    </Values>
    <Values>
      <Value>&gt;= 587.5</Value>
      <Value>LEISURE</Value>
      <Value>1.9883889695</Value>
      <Value>78.83</Value>
      <Value>11</Value>
      <Value>8</Value>
      <Value>          2:        78.8%
 Count:          137</Value>
      <Value>Node Id:           11&#10;&#10;3:         5.1%&#10;1:         6.6%&#10;2:        78.8%&#10;4:         0.0%&#10;6:         0.7%&#10;5:         8.8%&#10; Count:          137</Value>
      <Value>137</Value>
    </Values>
    <Values>
      <Value>&lt; 344.5</Value>
      <Value></Value>
      <Value>1.770682148</Value>
      <Value>92.62</Value>
      <Value>12</Value>
      <Value>9</Value>
      <Value>          1:        92.6%
 Count:          122</Value>
      <Value>Node Id:           12&#10;&#10;3:         1.6%&#10;1:        92.6%&#10;2:         0.0%&#10;4:         0.0%&#10;6:         5.7%&#10;5:         0.0%&#10; Count:          122</Value>
      <Value>122</Value>
    </Values>
    <Values>
      <Value>&gt;= 344.5 Or Missing</Value>
      <Value>ORIGINAL</Value>
      <Value>1.8722786647</Value>
      <Value>82.17</Value>
      <Value>13</Value>
      <Value>9</Value>
      <Value>          6:        82.2%
 Count:          129</Value>
      <Value>Node Id:           13&#10;&#10;3:         0.0%&#10;1:         1.6%&#10;2:         0.0%&#10;4:         0.0%&#10;6:        82.2%&#10;5:        16.3%&#10; Count:          129</Value>
      <Value>129</Value>
    </Values>
    <Values>
      <Value>&lt; 352.5</Value>
      <Value>ORIGINAL</Value>
      <Value>1.7126269956</Value>
      <Value>82.2</Value>
      <Value>14</Value>
      <Value>10</Value>
      <Value>          3:        82.2%
 Count:          118</Value>
      <Value>Node Id:           14&#10;&#10;3:        82.2%&#10;1:        16.1%&#10;2:         0.8%&#10;4:         0.0%&#10;6:         0.0%&#10;5:         0.8%&#10; Count:          118</Value>
      <Value>118</Value>
    </Values>
    <Values>
      <Value>&gt;= 352.5 Or Missing</Value>
      <Value></Value>
      <Value>1.7997097242</Value>
      <Value>87.9</Value>
      <Value>15</Value>
      <Value>10</Value>
      <Value>          5:        87.9%
 Count:          124</Value>
      <Value>Node Id:           15&#10;&#10;3:        11.3%&#10;1:         0.0%&#10;2:         0.8%&#10;4:         0.0%&#10;6:         0.0%&#10;5:        87.9%&#10; Count:          124</Value>
      <Value>124</Value>
    </Values>
    <Values>
      <Value>&lt; 1952.5 Or Missing</Value>
      <Value></Value>
      <Value>1.8722786647</Value>
      <Value>82.17</Value>
      <Value>16</Value>
      <Value>11</Value>
      <Value>          2:        82.2%
 Count:          129</Value>
      <Value>Node Id:           16&#10;&#10;3:         5.4%&#10;1:         2.3%&#10;2:        82.2%&#10;4:         0.0%&#10;6:         0.8%&#10;5:         9.3%&#10; Count:          129</Value>
      <Value>129</Value>
    </Values>
    <Values>
      <Value>&gt;= 1952.5</Value>
      <Value></Value>
      <Value>0.1161103048</Value>
      <Value>75</Value>
      <Value>17</Value>
      <Value>11</Value>
      <Value>          1:        75.0%
 Count:            8</Value>
      <Value>Node Id:           17&#10;&#10;3:         0.0%&#10;1:        75.0%&#10;2:        25.0%&#10;4:         0.0%&#10;6:         0.0%&#10;5:         0.0%&#10; Count:            8</Value>
      <Value>8</Value>
    </Values>
    <Values>
      <Value>&lt; 1794.5 Or Missing</Value>
      <Value></Value>
      <Value>1.4513788099</Value>
      <Value>99</Value>
      <Value>20</Value>
      <Value>13</Value>
      <Value>          6:        99.0%
 Count:          100</Value>
      <Value>Node Id:           20&#10;&#10;3:         0.0%&#10;1:         0.0%&#10;2:         0.0%&#10;4:         0.0%&#10;6:        99.0%&#10;5:         1.0%&#10; Count:          100</Value>
      <Value>100</Value>
    </Values>
    <Values>
      <Value>&gt;= 1794.5</Value>
      <Value>LEISURE</Value>
      <Value>0.4208998549</Value>
      <Value>68.97</Value>
      <Value>21</Value>
      <Value>13</Value>
      <Value>          5:        69.0%
 Count:           29</Value>
      <Value>Node Id:           21&#10;&#10;3:         0.0%&#10;1:         6.9%&#10;2:         0.0%&#10;4:         0.0%&#10;6:        24.1%&#10;5:        69.0%&#10; Count:           29</Value>
      <Value>29</Value>
    </Values>
    <Values>
      <Value>&lt; 1927</Value>
      <Value></Value>
      <Value>0.3047895501</Value>
      <Value>90.48</Value>
      <Value>22</Value>
      <Value>14</Value>
      <Value>          1:        90.5%
 Count:           21</Value>
      <Value>Node Id:           22&#10;&#10;3:         4.8%&#10;1:        90.5%&#10;2:         0.0%&#10;4:         0.0%&#10;6:         0.0%&#10;5:         4.8%&#10; Count:           21</Value>
      <Value>21</Value>
    </Values>
    <Values>
      <Value>&gt;= 1927 Or Missing</Value>
      <Value></Value>
      <Value>1.4078374456</Value>
      <Value>98.97</Value>
      <Value>23</Value>
      <Value>14</Value>
      <Value>          3:        99.0%
 Count:           97</Value>
      <Value>Node Id:           23&#10;&#10;3:        99.0%&#10;1:         0.0%&#10;2:         1.0%&#10;4:         0.0%&#10;6:         0.0%&#10;5:         0.0%&#10; Count:           97</Value>
      <Value>97</Value>
    </Values>
    <Values>
      <Value>&lt; 2125.5 Or Missing</Value>
      <Value></Value>
      <Value>0.3047895501</Value>
      <Value>95.24</Value>
      <Value>30</Value>
      <Value>21</Value>
      <Value>          5:        95.2%
 Count:           21</Value>
      <Value>Node Id:           30&#10;&#10;3:         0.0%&#10;1:         4.8%&#10;2:         0.0%&#10;4:         0.0%&#10;6:         0.0%&#10;5:        95.2%&#10; Count:           21</Value>
      <Value>21</Value>
    </Values>
    <Values>
      <Value>&gt;= 2125.5</Value>
      <Value></Value>
      <Value>0.1161103048</Value>
      <Value>87.5</Value>
      <Value>31</Value>
      <Value>21</Value>
      <Value>          6:        87.5%
 Count:            8</Value>
      <Value>Node Id:           31&#10;&#10;3:         0.0%&#10;1:        12.5%&#10;2:         0.0%&#10;4:         0.0%&#10;6:        87.5%&#10;5:         0.0%&#10; Count:            8</Value>
      <Value>8</Value>
    </Values>
                        </ValuesList>
                  </EmbeddedData>
            </IQData>
      </Data>

      <View>
            <Section>
                  <Body>
                        <Graph name="DecisionTree" >
                              <ChartDataList>
                                    <ChartData name="DTreeData" data="TreeData" >
                                          <Roles>
                                                <Role type="AboveText"   variable="Var1" > </Role>
                                                <Role type="BelowText"   variable="Var2" > </Role>
                                                <Role type="LinkWidth"   variable="Var3" > </Role>
                                                <Role type="NodeColor"   variable="Var4" > </Role>
                                                <Role type="ID"      variable="Var5" > </Role>
                                                <Role type="Parent"    variable="Var6" > </Role>
                                                <Role type="NodeText"    variable="Var7" > </Role>
                                                <Role type="ToolTipText" variable="Var8" > </Role>
                                                <Role type="NodeSize"    variable="Var9" > </Role>
                                          </Roles>
                                    </ChartData>
                              </ChartDataList>
                              <ColorMappers>
                                    <ColorRamp  name="NodeColorRamp"
                                                      underFlowColor="Red"
                                                      overflowColor="Green"
                                                      low="0"
                                                      high="1000"
                                                      beginColor="CX0000FF"
                                                      endColor="CXFFFFFF" >
                                    </ColorRamp>
                                    <ColorRamp  name="LinkColorRamp"
                                                      low="1"
                                                      high="10"
                                                      beginColor="CX000000"
                                                      endColor="CX000000" >
                                    </ColorRamp>
                              </ColorMappers>
                              <ChartAreas>
                                    <ChartArea>
                                          <Charts>
                                          <DecisionTree name="DTree"
                                                  chartData="DTreeData"
                                                  selectionColor="CX00FF00"
                                                  orientation="Vertical"
                                                  emptyNodes="False"
                                                  legendVisible="False"
                                                  titleAnchor="Root"
                                                  footnoteAnchor="Chart"
                                                  displayDepth="4" >

                                    <SplitVarList>
                                          <SplitVar name="SPLIT VAR A" type="DISCRETE" missingBranch="3" values="1,A:1,B:2,C:3,D"/>
                                          <SplitVar name="SPLIT VAR B" type="CONTINUOUS" breaks="10:50:100" />
                                    </SplitVarList>

                                    <IciclePlot isVisible="True"></IciclePlot>

                                    <NodeStyle colorMapper="NodeColorRamp"
                                                   outlineColor="Black"
                                                   outlineWidth="1">
                                          <NodeText textColor="Black"
                                                        textFont="SansSerif"
                                                        textSize="12 pt"
                                                        textFlags="Bold" />
                                    </NodeStyle>
                                    <FlaggedNodeStyle color="CXFF8844"
                                                              outlineColor="Black"
                                                              outlineWidth="3" >
                                          <FlaggedNodeText textColor="Black"
                                                        textFont="SansSerif"
                                                        textSize="12 pt"
                                                        textFlags="Italic" />
                                    </FlaggedNodeStyle>
                                    <LinkStyle textVisible="True"
                                                   colorMapper="LinkColorRamp"
                                                   linkStyle="Manhattan"
                                                   staticWidth="3" >
                                          <LinkText textColor="Black"
                                                        textFont="SansSerif"
                                                        textSize="10 pt"
                                                        textFlags="Bold" />
                                    </LinkStyle>
                                    <GraphStyle numBars="3"
                                                      numStacks="3"
                                                      axisMin="0"
                                                      axisMax="20"
                                                      orientation="Vertical"
                                                      visible="True" >
                                    </GraphStyle>
                              </DecisionTree>
                              </Charts>
                        </ChartArea>
                  </ChartAreas>
            </Graph>
      </Body>
      </Section>
      </View>

  </SASReport>

