<?xml version="1.0" encoding="UTF-8"?><_ROOT_><PROPERTIES><PROPERTY NAME="EM_GROUPASSESS" VALUE="Y"/><PROPERTY NAME="HPDM_COMMIT" VALUE=""/><PROPERTY NAME="EM_PMML" VALUE="N"/><PROPERTY NAME="HPDM_NODES" VALUE=""/><PROPERTY NAME="HPDM_SAMPLESIZE" VALUE="10000"/><PROPERTY NAME="EM_VIEW_BUFSIZE" VALUE="64"/><PROPERTY NAME="EM_ASSESS" VALUE="Y"/><PROPERTY NAME="EM_DECMETA_MAXLEVELS" VALUE="32"/><PROPERTY NAME="EM_TRAIN_MAXLEVELS" VALUE="512"/><PROPERTY NAME="EM_EXPLOREOBS_MAX" VALUE="40000"/><PROPERTY NAME="EM_NUMTASK" VALUE="DEFAULT"/><PROPERTY NAME="EM_ADVISOR_MAXOBS" VALUE="1000000"/><PROPERTY NAME="HPDM_NTHREADS" VALUE=""/><PROPERTY NAME="EM_MAXGROUPASSESS" VALUE=""/></PROPERTIES></_ROOT_>
