﻿<SASReport version="1.0">
      <Data>
            <IQData type="2DEmbedded" name="TreeData">
                  <EmbeddedData>
                        <Variables>
                              <Variable name="Var1" varName="Var1" type="String" />
                              <Variable name="Var2" varName="Var2" type="String" />
                              <Variable name="Var3" varName="Var3" type="Numeric" />
                              <Variable name="Var4" varName="Var4" type="Numeric" />
                              <Variable name="Var5" varName="Var5" type="Numeric" />
                              <Variable name="Var6" varName="Var6" type="Numeric" />
                              <Variable name="Var7" varName="Var7" type="String"  />
                              <Variable name="Var8" varName="Var8" type="String" />
                              <Variable name="Var9" varName="Var9" type="Numeric" />
                        </Variables>
                        <ValuesList>
    <Values>
      <Value>Non-Missing Values</Value>
      <Value>ROA</Value>
      <Value>10</Value>
      <Value>66.67</Value>
      <Value>1</Value>
      <Value>0</Value>
      <Value>          3:        66.7%
 Count:           21</Value>
      <Value>Node Id:            1&#10;&#10;3:        66.7%&#10;2:        14.3%&#10;1:        19.0%&#10; Count:           21</Value>
      <Value>21</Value>
    </Values>
    <Values>
      <Value>&lt; 6.25</Value>
      <Value></Value>
      <Value>2.8571428571</Value>
      <Value>50</Value>
      <Value>2</Value>
      <Value>1</Value>
      <Value>          2:        50.0%
 Count:            6</Value>
      <Value>Node Id:            2&#10;&#10;3:         0.0%&#10;2:        50.0%&#10;1:        50.0%&#10; Count:            6</Value>
      <Value>6</Value>
    </Values>
    <Values>
      <Value>&gt;= 6.25 Or Missing</Value>
      <Value></Value>
      <Value>7.1428571429</Value>
      <Value>93.33</Value>
      <Value>3</Value>
      <Value>1</Value>
      <Value>          3:        93.3%
 Count:           15</Value>
      <Value>Node Id:            3&#10;&#10;3:        93.3%&#10;2:         0.0%&#10;1:         6.7%&#10; Count:           15</Value>
      <Value>15</Value>
    </Values>
                        </ValuesList>
                  </EmbeddedData>
            </IQData>
      </Data>

      <View>
            <Section>
                  <Body>
                        <Graph name="DecisionTree" >
                              <ChartDataList>
                                    <ChartData name="DTreeData" data="TreeData" >
                                          <Roles>
                                                <Role type="AboveText"   variable="Var1" > </Role>
                                                <Role type="BelowText"   variable="Var2" > </Role>
                                                <Role type="LinkWidth"   variable="Var3" > </Role>
                                                <Role type="NodeColor"   variable="Var4" > </Role>
                                                <Role type="ID"      variable="Var5" > </Role>
                                                <Role type="Parent"    variable="Var6" > </Role>
                                                <Role type="NodeText"    variable="Var7" > </Role>
                                                <Role type="ToolTipText" variable="Var8" > </Role>
                                                <Role type="NodeSize"    variable="Var9" > </Role>
                                          </Roles>
                                    </ChartData>
                              </ChartDataList>
                              <ColorMappers>
                                    <ColorRamp  name="NodeColorRamp"
                                                      underFlowColor="Red"
                                                      overflowColor="Green"
                                                      low="0"
                                                      high="1000"
                                                      beginColor="CX0000FF"
                                                      endColor="CXFFFFFF" >
                                    </ColorRamp>
                                    <ColorRamp  name="LinkColorRamp"
                                                      low="1"
                                                      high="10"
                                                      beginColor="CX000000"
                                                      endColor="CX000000" >
                                    </ColorRamp>
                              </ColorMappers>
                              <ChartAreas>
                                    <ChartArea>
                                          <Charts>
                                          <DecisionTree name="DTree"
                                                  chartData="DTreeData"
                                                  selectionColor="CX00FF00"
                                                  orientation="Vertical"
                                                  emptyNodes="False"
                                                  legendVisible="False"
                                                  titleAnchor="Root"
                                                  footnoteAnchor="Chart"
                                                  displayDepth="4" >

                                    <SplitVarList>
                                          <SplitVar name="SPLIT VAR A" type="DISCRETE" missingBranch="3" values="1,A:1,B:2,C:3,D"/>
                                          <SplitVar name="SPLIT VAR B" type="CONTINUOUS" breaks="10:50:100" />
                                    </SplitVarList>

                                    <IciclePlot isVisible="True"></IciclePlot>

                                    <NodeStyle colorMapper="NodeColorRamp"
                                                   outlineColor="Black"
                                                   outlineWidth="1">
                                          <NodeText textColor="Black"
                                                        textFont="SansSerif"
                                                        textSize="12 pt"
                                                        textFlags="Bold" />
                                    </NodeStyle>
                                    <FlaggedNodeStyle color="CXFF8844"
                                                              outlineColor="Black"
                                                              outlineWidth="3" >
                                          <FlaggedNodeText textColor="Black"
                                                        textFont="SansSerif"
                                                        textSize="12 pt"
                                                        textFlags="Italic" />
                                    </FlaggedNodeStyle>
                                    <LinkStyle textVisible="True"
                                                   colorMapper="LinkColorRamp"
                                                   linkStyle="Manhattan"
                                                   staticWidth="3" >
                                          <LinkText textColor="Black"
                                                        textFont="SansSerif"
                                                        textSize="10 pt"
                                                        textFlags="Bold" />
                                    </LinkStyle>
                                    <GraphStyle numBars="3"
                                                      numStacks="3"
                                                      axisMin="0"
                                                      axisMax="20"
                                                      orientation="Vertical"
                                                      visible="True" >
                                    </GraphStyle>
                              </DecisionTree>
                              </Charts>
                        </ChartArea>
                  </ChartAreas>
            </Graph>
      </Body>
      </Section>
      </View>

  </SASReport>

